
-- LUGAR
Insert into Lugar(codigo_area, ubicacion, latitud, longitud, radio, sector, codigo_postal,
cantidad_personas)
Values ("AAA100", "Av.9Octubre", "-79.3223", "89.1919", 200.12, "centro", "090101",
20);
Insert into Lugar(codigo_area, ubicacion, latitud, longitud, radio, sector, codigo_postal,
cantidad_personas)
Values ("ABB200", "Av.LeonFC.", "-64.1902", "-73.8219", 300.12, "norte", "090102",
30);
Insert into Lugar(codigo_area, ubicacion, latitud, longitud, radio, sector, codigo_postal,
cantidad_personas)
Values ("ACC300", "Av.JuanTancaM", "-65.0996", "-121.3442", 400.12, "norte", "090103",
40);
Insert into Lugar(codigo_area, ubicacion, latitud, longitud, radio, sector, codigo_postal,
cantidad_personas)
Values ("ADD400", "Av.Colon", "-86.9268", "137.3438", 500.12, "norte", "090104",
10);
Insert into Lugar(codigo_area, ubicacion, latitud, longitud, radio, sector, codigo_postal,
cantidad_personas)
Values ("BAB500", "Av.Cristobal", "11.4021", "46.4785", 600.12, "centro", "090105",
15);
Insert into Lugar(codigo_area, ubicacion, latitud, longitud, radio, sector, codigo_postal,
cantidad_personas)
Values ("BAC600", "Av.Fernandez", "24.0210", "102.1295", 200.12, "sur", "090106",
19);
Insert into Lugar(codigo_area, ubicacion, latitud, longitud, radio, sector, codigo_postal,
cantidad_personas)
Values ("BAD700", "Av.ElEjercito", "-53.1092", "176.1538", 100.12, "sur", "090107",
30);
Insert into Lugar(codigo_area, ubicacion, latitud, longitud, radio, sector, codigo_postal,
cantidad_personas)
Values ("BCC800", "Av.ElBombero", "54.9589", "-133.3480", 200.12, "norte", "090108",
20);
Insert into Lugar(codigo_area, ubicacion, latitud, longitud, radio, sector, codigo_postal,
cantidad_personas)
Values ("CCA900", "Av.Daule", "43.3155", "-64.0480", 200.12, "norte", "090109",
34);
Insert into Lugar(codigo_area, ubicacion, latitud, longitud, radio, sector, codigo_postal,
cantidad_personas)
Values ("CAD200", "Av.Boyaca", "80.4871", "-119.9449", 200.12, "centro", "090200",
50);
Insert into Lugar(codigo_area, ubicacion, latitud, longitud, radio, sector, codigo_postal,
cantidad_personas)
Values ("COP300", "Miraflores", "-23.8738", "147.5909", 200.12, "norte", "090201",
20);
Insert into Lugar(codigo_area, ubicacion, latitud, longitud, radio, sector, codigo_postal,
cantidad_personas)
Values ("CUT400", "Prosperina", "-21.6032", "-159.4199", 300.12, "norte", "090221",
25);
Insert into Lugar(codigo_area, ubicacion, latitud, longitud, radio, sector, codigo_postal,
cantidad_personas)
Values ("CTH200", "Ceibos", "-33.4023", "-32.0751", 200.12, "norte", "090331",
49);
Insert into Lugar(codigo_area, ubicacion, latitud, longitud, radio, sector, codigo_postal,
cantidad_personas)
Values ("DTO300", "Urdesa", "-40.0642", "-166.5245", 500.12, "norte", "090601",
80);
Insert into Lugar(codigo_area, ubicacion, latitud, longitud, radio, sector, codigo_postal,
cantidad_personas)
Values ("DJG500", "MuchoLote", "69.1715", "135.8642", 800.12, "norte", "090171",
90);
Insert into Lugar(codigo_area, ubicacion, latitud, longitud, radio, sector, codigo_postal,
cantidad_personas)
Values ("DEJ100", "MuchoLote2", "-66.6181", "97.1271", 400.12, "norte", "090349",
88);
Insert into Lugar(codigo_area, ubicacion, latitud, longitud, radio, sector, codigo_postal,
cantidad_personas)
Values ("DKD600", "SanMarino", "62.2650", "-80.0556", 700.12, "centronorte", "090501",
500);
Insert into Lugar(codigo_area, ubicacion, latitud, longitud, radio, sector, codigo_postal,
cantidad_personas)
Values ("DUE300", "MallDelSol", "11.4389", "-168.3510", 500.12, "norte", "090751",
660);
Insert into Lugar(codigo_area, ubicacion, latitud, longitud, radio, sector, codigo_postal,
cantidad_personas)
Values ("EQI330", "MallDelSur", "-86.7048", "-155.6245", 600.12, "sur", "090101",
550);
Insert into Lugar(codigo_area, ubicacion, latitud, longitud, radio, sector, codigo_postal,
cantidad_personas)
Values ("EIT560", "MallDelRio", "16.9310", "29.1762", 400.12, "norte", "090165",
700);
*/


--PUNTOS COMUNICACION
INSERT INTO Puntos_Comunicacion
VALUES ("6C-5C-47-EF-96-65", "79.9848", "-20.6164", "We take pride in excellent", 1, 165.71);
INSERT INTO Puntos_Comunicacion(mac_address_bcn, latitud, longitud, mensaje, operativo, rango)
VALUES ('A7-25-EA-38-76-EC', '8.6270', '-83.1814', 'The people', 0, 536.92);
INSERT INTO Puntos_Comunicacion(mac_address_bcn, latitud, longitud, mensaje, operativo, rango)
VALUES ('60-68-3D-5D-90-5E', '-50.7029', '167.0082', 'We pledge ourselves to impeccable', 1, 707.31);
INSERT INTO Puntos_Comunicacion(mac_address_bcn, latitud, longitud, mensaje, operativo, rango)
VALUES ('D4-35-18-77-EC-BC', '-9.6525', '93.1983', 'Masters of', 0, 617.85);
INSERT INTO Puntos_Comunicacion(mac_address_bcn, latitud, longitud, mensaje, operativo, rango)
VALUES ('4E-03-FB-D1-A8-B3', '-84.0400', '-160.4390', 'The authority', 1, 117.60);
INSERT INTO Puntos_Comunicacion(mac_address_bcn, latitud, longitud, mensaje, operativo, rango)
VALUES ('23-06-26-FC-37-7A', '51.0041', '-125.6636', 'We dedicate ourselves to excellence', 1, 168.75);
INSERT INTO Puntos_Comunicacion(mac_address_bcn, latitud, longitud, mensaje, operativo, rango)
VALUES ('77-00-72-15-B6-0D', '62.6581', '-142.5479', 'The devoted virtuosos', 0, 643.20);
INSERT INTO Puntos_Comunicacion(mac_address_bcn, latitud, longitud, mensaje, operativo, rango)
VALUES ('A1-FA-31-3C-AA-FF', '-44.3368', '-102.1248', 'The first-rate mavens', 0, 200.00);
INSERT INTO Puntos_Comunicacion(mac_address_bcn, latitud, longitud, mensaje, operativo, rango)
VALUES ('42-D1-3A-70-21-DE', '-73.1692', '165.4254', 'Skillful technicians', 1, 165.63);
INSERT INTO Puntos_Comunicacion(mac_address_bcn, latitud, longitud, mensaje, operativo, rango)
VALUES ('98-77-62-DF-E8-98', '-15.1013', '78.6177', 'Raising the bar for excellence', 1, 753.42);
INSERT INTO Puntos_Comunicacion(mac_address_bcn, latitud, longitud, mensaje, operativo, rango)
VALUES ('3F-4E-6B-F0-3F-0F', '-9.6375', '3.3359', 'No one does like us', 0, 245.71);
INSERT INTO Puntos_Comunicacion(mac_address_bcn, latitud, longitud, mensaje, operativo, rango)
VALUES ('0B-72-39-F2-D9-E0', '49.4394', '-83.8382', 'We know', 1, 573.48);
INSERT INTO Puntos_Comunicacion(mac_address_bcn, latitud, longitud, mensaje, operativo, rango)
VALUES ('D0-94-3D-BB-0B-6E', '-1.7777', '-160.9671', 'The trusted source for everything', 1, 336.60);
INSERT INTO Puntos_Comunicacion(mac_address_bcn, latitud, longitud, mensaje, operativo, rango)
VALUES ('E5-3F-96-9B-2D-05', '73.8418', '5.1878', 'The top-notch technicians', 1, 824.27);
INSERT INTO Puntos_Comunicacion(mac_address_bcn, latitud, longitud, mensaje, operativo, rango)
VALUES ('F2-65-52-46-B7-A6', '-32.3971', '-26.2587', 'Its the of your dreams', 0, 582.76);
INSERT INTO Puntos_Comunicacion(mac_address_bcn, latitud, longitud, mensaje, operativo, rango)
VALUES ('50-B4-1A-B7-6C-51', '45.4411', '123.0543', 'Slick', 0, 202.10);
INSERT INTO Puntos_Comunicacion(mac_address_bcn, latitud, longitud, mensaje, operativo, rango)
VALUES ('94-33-E5-4F-92-CE', '16.6438', '-36.2025', 'The consummate purveyors', 1, 566.00);
INSERT INTO Puntos_Comunicacion(mac_address_bcn, latitud, longitud, mensaje, operativo, rango)
VALUES ('D4-30-30-66-ED-B1', '69.4804', '-128.2399', 'Devoted to marvelous', 0, 997.47);
INSERT INTO Puntos_Comunicacion(mac_address_bcn, latitud, longitud, mensaje, operativo, rango)
VALUES ('A9-E4-CB-89-64-94', '-56.3507', '-83.1854', 'We take pride in our', 1, 677.82);
INSERT INTO Puntos_Comunicacion(mac_address_bcn, latitud, longitud, mensaje, operativo, rango)
VALUES ('F2-0C-5B-E8-4A-0C', '55.3839','177.3963', 'The authority on', 1, 398.65);



-- Ciudad
INSERT INTO Ciudad(Nombre, Sectores, Poblacion)
VALUES ('Guayaquil', 'Norte' , 2278691);
INSERT INTO Ciudad(Nombre, Sectores, Poblacion)
VALUES ('Quito', 'Sur', 1607734);
INSERT INTO Ciudad(Nombre, Sectores, Poblacion)
VALUES ('Cuenca', 'Este', 329928);
INSERT INTO Ciudad(Nombre, Sectores, Poblacion)
VALUES ('Santo Domingo', 'Oeste', 270875);
INSERT INTO Ciudad(Nombre, Sectores, Poblacion)
VALUES ('Machala', 'Sur', 231260);
INSERT INTO Ciudad(Nombre, Sectores, Poblacion)
VALUES ('Durán', 'Norte', 230839);
INSERT INTO Ciudad(Nombre, Sectores, Poblacion)
VALUES ('Manta', 'Este', 217553);
INSERT INTO Ciudad(Nombre, Sectores, Poblacion)
VALUES ('Portoviejo', 'Oeste', 206682);
INSERT INTO Ciudad(Nombre, Sectores, Poblacion)
VALUES ('Loja', 'Este', 170280);
INSERT INTO Ciudad(Nombre, Sectores, Poblacion)
VALUES ('Ambato', 'Norte', 165185);
INSERT INTO Ciudad(Nombre, Sectores, Poblacion)
VALUES ('Esmeraldas', 'Sur', 154035);
INSERT INTO Ciudad(Nombre, Sectores, Poblacion)
VALUES ('Quevedo', 'Norte', 150827);
INSERT INTO Ciudad(Nombre, Sectores, Poblacion)
VALUES ('Riobamba', 'Sur', 146324);
INSERT INTO Ciudad(Nombre, Sectores, Poblacion)
VALUES ('Milagro', 'Este', 133508);
INSERT INTO Ciudad(Nombre, Sectores, Poblacion)
VALUES ('Ibarra', 'Oeste', 131856);
INSERT INTO Ciudad(Nombre, Sectores, Poblacion)
VALUES ('La libertad', 'Oeste', 95942);
INSERT INTO Ciudad(Nombre, Sectores, Poblacion)
VALUES ('Babahoyo', 'Sur', 90191);
INSERT INTO Ciudad(Nombre, Sectores, Poblacion)
VALUES ('Sangolquí', 'Norte', 75080);
INSERT INTO Ciudad(Nombre, Sectores, Poblacion)
VALUES ('Daule', 'Este', 65145);
INSERT INTO Ciudad(Nombre, Sectores, Poblacion)
VALUES ('Latacunga', 'Sur', 63842);



-- Grupos_Puntos_Comunicacion
INSERT INTO Grupos_Puntos_Comunicacion(id_grupo, g_operativo, cantidad, rango_cubierto)
VALUES (10594, 1, 586, 919.91);
INSERT INTO Grupos_Puntos_Comunicacion(id_grupo, g_operativo, cantidad, rango_cubierto)
VALUES (83714, 0, 542, 636.99);
INSERT INTO Grupos_Puntos_Comunicacion(id_grupo, g_operativo, cantidad, rango_cubierto)
VALUES (93931, 1, 744, 700.68);
INSERT INTO Grupos_Puntos_Comunicacion(id_grupo, g_operativo, cantidad, rango_cubierto)
VALUES (62708, 1, 279, 647.52);
INSERT INTO Grupos_Puntos_Comunicacion(id_grupo, g_operativo, cantidad, rango_cubierto)
VALUES (51491, 0, 393, 153.50);
INSERT INTO Grupos_Puntos_Comunicacion(id_grupo, g_operativo, cantidad, rango_cubierto)
VALUES (73606, 1, 579, 640.78);
INSERT INTO Grupos_Puntos_Comunicacion(id_grupo, g_operativo, cantidad, rango_cubierto)
VALUES (60421, 1, 894, 430.13);
INSERT INTO Grupos_Puntos_Comunicacion(id_grupo, g_operativo, cantidad, rango_cubierto)
VALUES (80987, 1, 552, 495.70);
INSERT INTO Grupos_Puntos_Comunicacion(id_grupo, g_operativo, cantidad, rango_cubierto)
VALUES (75248, 1, 690, 822.83);
INSERT INTO Grupos_Puntos_Comunicacion(id_grupo, g_operativo, cantidad, rango_cubierto)
VALUES (53951, 0, 987, 466.81);
INSERT INTO Grupos_Puntos_Comunicacion(id_grupo, g_operativo, cantidad, rango_cubierto)
VALUES (40114, 1, 295, 461.03);
INSERT INTO Grupos_Puntos_Comunicacion(id_grupo, g_operativo, cantidad, rango_cubierto)
VALUES (84860, 1, 347, 253.88);
INSERT INTO Grupos_Puntos_Comunicacion(id_grupo, g_operativo, cantidad, rango_cubierto)
VALUES (82795, 1, 545, 116.23);
INSERT INTO Grupos_Puntos_Comunicacion(id_grupo, g_operativo, cantidad, rango_cubierto)
VALUES (58802, 0, 703, 285.23);
INSERT INTO Grupos_Puntos_Comunicacion(id_grupo, g_operativo, cantidad, rango_cubierto)
VALUES (54283, 1, 405, 933.77);
INSERT INTO Grupos_Puntos_Comunicacion(id_grupo, g_operativo, cantidad, rango_cubierto)
VALUES (85096, 0, 992, 496.89);
INSERT INTO Grupos_Puntos_Comunicacion(id_grupo, g_operativo, cantidad, rango_cubierto)
VALUES (64287, 1, 467, 157.67);
INSERT INTO Grupos_Puntos_Comunicacion(id_grupo, g_operativo, cantidad, rango_cubierto)
VALUES (44736, 1, 988, 728.20);
INSERT INTO Grupos_Puntos_Comunicacion(id_grupo, g_operativo, cantidad, rango_cubierto)
VALUES (72854, 1, 401, 148.25);
INSERT INTO Grupos_Puntos_Comunicacion(id_grupo, g_operativo, cantidad, rango_cubierto)
VALUES (40120, 1, 978, 608.13);
*/


-- USUARIO
INSERT INTO Usuario (Cedula,Telefono) Values("0865672738","0957675676");
INSERT INTO Usuario (Cedula,Telefono) Values("0943654673","0923423434");
INSERT INTO Usuario (Cedula,Telefono) Values("0967622311","0912323233");
INSERT INTO Usuario (Cedula,Telefono) Values("0934567236","0976573554");
INSERT INTO Usuario (Cedula,Telefono) Values("0917772459","0985272556");
INSERT INTO Usuario (Cedula,Telefono) Values("0917572231","0928536563");
INSERT INTO Usuario (Cedula,Telefono) Values("0945672337","0998644523");
INSERT INTO Usuario (Cedula,Telefono) Values("0987672335","0912367454");
INSERT INTO Usuario (Cedula,Telefono) Values("0945656654","0909576324");
INSERT INTO Usuario (Cedula,Telefono) Values("0923432430","0912231232");
INSERT INTO Usuario (Cedula,Telefono) Values("0942343232","0998979866");
INSERT INTO Usuario (Cedula,Telefono) Values("0978787881","0912323231");
INSERT INTO Usuario (Cedula,Telefono) Values("0912373435","0986456565");
INSERT INTO Usuario (Cedula,Telefono) Values("0912323232","0912365465");
INSERT INTO Usuario (Cedula,Telefono) Values("0948786788","0996786423");
INSERT INTO Usuario (Cedula,Telefono) Values("0942343243","0912323222");
INSERT INTO Usuario (Cedula,Telefono) Values("0976563454","0946767655");
INSERT INTO Usuario (Cedula,Telefono) Values("0942343432","0912322266");
INSERT INTO Usuario (Cedula,Telefono) Values("0656456546","0987878666");
INSERT INTO Usuario (Cedula,Telefono) Values("0945111233","0911232312");
*/

-- SELECT * FROM Usuario;

--REGISTRA OBSERVACION
Insert into Registra_Observacion(id_observacion, fecha_registro, hora_registro, ubicacion_observador, mac_address_punto)
Values ("02922", "2021-10-03", "12:20:01", "Av.9Octubre", "6C-5C-47-EF-96-65");
Insert into Registra_Observacion(id_observacion, fecha_registro, hora_registro, ubicacion_observador, mac_address_punto)
Values ("03322", "2021-01-01", "11:30:01", "Av.LeonFC.", "A7-25-EA-38-76-EC");
Insert into Registra_Observacion(id_observacion, fecha_registro, hora_registro, ubicacion_observador, mac_address_punto)
Values ("03262", "2021-02-01", "10:20:02", "Av.JuanTancaM", "60-68-3D-5D-90-5E");
Insert into Registra_Observacion(id_observacion, fecha_registro, hora_registro, ubicacion_observador, mac_address_punto)
Values ("05372", "2021-03-29", "08:20:01", "Av.Colon", "D4-35-18-77-EC-BC");
Insert into Registra_Observacion(id_observacion, fecha_registro, hora_registro, ubicacion_observador, mac_address_punto)
Values ("05432", "2021-04-28", "09:30:22", "Av.Cristobal", "4E-03-FB-D1-A8-B3");
Insert into Registra_Observacion(id_observacion, fecha_registro, hora_registro, ubicacion_observador, mac_address_punto)
Values ("08887", "2021-05-12", "10:50:01", "Av.Fernandez", "23-06-26-FC-37-7A");
Insert into Registra_Observacion(id_observacion, fecha_registro, hora_registro, ubicacion_observador, mac_address_punto)
Values ("04219", "2021-06-13", "13:20:44", "Av.ElEjercito", "77-00-72-15-B6-0D");
Insert into Registra_Observacion(id_observacion, fecha_registro, hora_registro, ubicacion_observador, mac_address_punto)
Values ("09543", "2021-07-14", "14:30:22", "Av.ElBombero", "A1-FA-31-3C-AA-FF");
Insert into Registra_Observacion(id_observacion, fecha_registro, hora_registro, ubicacion_observador, mac_address_punto)
Values ("09659", "2021-08-15", "15:40:01", "Av.Daule", "42-D1-3A-70-21-DE");
Insert into Registra_Observacion(id_observacion, fecha_registro, hora_registro, ubicacion_observador, mac_address_punto)
Values ("09555", "2021-09-28", "16:20:22", "Av.Boyaca", "98-77-62-DF-E8-98");
Insert into Registra_Observacion(id_observacion, fecha_registro, hora_registro, ubicacion_observador, mac_address_punto)
Values ("08821", "2021-10-22", "17:45:22", "Miraflores", "3F-4E-6B-F0-3F-0F");
Insert into Registra_Observacion(id_observacion, fecha_registro, hora_registro, ubicacion_observador, mac_address_punto)
Values ("06284", "2021-11-21", "18:30:44", "Prosperina", "0B-72-39-F2-D9-E0");
Insert into Registra_Observacion(id_observacion, fecha_registro, hora_registro, ubicacion_observador, mac_address_punto)
Values ("05992", "2021-10-18", "19:35:01", "Ceibos", "D0-94-3D-BB-0B-6E");
Insert into Registra_Observacion(id_observacion, fecha_registro, hora_registro, ubicacion_observador, mac_address_punto)
Values ("04943", "2021-08-17", "19:42:05", "Urdesa", "E5-3F-96-9B-2D-05");
Insert into Registra_Observacion(id_observacion, fecha_registro, hora_registro, ubicacion_observador, mac_address_punto)
Values ("02344", "2021-05-03", "15:33:23", "MuchoLote", "F2-65-52-46-B7-A6");
Insert into Registra_Observacion(id_observacion, fecha_registro, hora_registro, ubicacion_observador, mac_address_punto)
Values ("06654", "2021-04-16", "13:20:48", "MuchoLote2", "50-B4-1A-B7-6C-51");
Insert into Registra_Observacion(id_observacion, fecha_registro, hora_registro, ubicacion_observador, mac_address_punto)
Values ("09942", "2021-06-15", "17:20:55", "SanMarino", "94-33-E5-4F-92-CE");
Insert into Registra_Observacion(id_observacion, fecha_registro, hora_registro, ubicacion_observador, mac_address_punto)
Values ("02499", "2021-02-14", "16:35:04", "MallDelSol", "D4-30-30-66-ED-B1");
Insert into Registra_Observacion(id_observacion, fecha_registro, hora_registro, ubicacion_observador, mac_address_punto)
Values ("02222", "2021-10-07", "15:20:43", "MallDelSur", "A9-E4-CB-89-64-94");
Insert into Registra_Observacion(id_observacion, fecha_registro, hora_registro, ubicacion_observador, mac_address_punto)
Values ("01111", "2021-12-09", "12:33:33", "MallDelRio", "F2-0C-5B-E8-4A-0C");
*/


--CLIENTE
INSERT INTO Cliente (RUC,Nombre) VALUES ("1765464565001","Juan Gonzalez");
INSERT INTO Cliente (RUC,Nombre) VALUES ("1712323323001","Amina Vives");
INSERT INTO Cliente (RUC,Nombre) VALUES ("1767464565001","Anna Maya");
INSERT INTO Cliente (RUC,Nombre) VALUES ("1711232212001","Consuelo Pacheco");
INSERT INTO Cliente (RUC,Nombre) VALUES ("1777690454001","Jose-Manuel Luque");
INSERT INTO Cliente (RUC,Nombre) VALUES ("1727382738001","Adolfo Bosch");
INSERT INTO Cliente (RUC,Nombre) VALUES ("1793943043001","Noemi Rincon");
INSERT INTO Cliente (RUC,Nombre) VALUES ("1799238284001","Jon Lozano");
INSERT INTO Cliente (RUC,Nombre) VALUES ("1711109093001","Felicidad Cardenas");
INSERT INTO Cliente (RUC,Nombre) VALUES ("1745453452001","Sandra Huertas");
INSERT INTO Cliente (RUC,Nombre) VALUES ("1790293029001","Maria-Emilia Cifuentes");
INSERT INTO Cliente (RUC,Nombre) VALUES ("1712382353001","Ona Arce");
INSERT INTO Cliente (RUC,Nombre) VALUES ("1765645645001","Ester Ibañez");
INSERT INTO Cliente (RUC,Nombre) VALUES ("1723434323001","Biel Giraldo");
INSERT INTO Cliente (RUC,Nombre) VALUES ("1776576766001","Loreto Montilla");
INSERT INTO Cliente (RUC,Nombre) VALUES ("1734534545001","Rogelio Diez");
INSERT INTO Cliente (RUC,Nombre) VALUES ("1723432423001","Rita Climent");
INSERT INTO Cliente (RUC,Nombre) VALUES ("1787686049001","Isabel Miguez");
INSERT INTO Cliente (RUC,Nombre) VALUES ("1745095045001","Ramiro Oliva");
INSERT INTO Cliente (RUC,Nombre) VALUES ("1734594854001","Iñigo Palomo");
INSERT INTO Cliente (RUC,Nombre) VALUES ("1720940394001","Ernesto Chacon");
*/


--CHIP WIRELESS
INSERT INTO Chip_Wireless (mac_address_disp,Cedula) VALUES ("70-E2-84-70-E2-84","0865672738");
INSERT INTO Chip_Wireless (mac_address_disp,Cedula) VALUES ("20-F7-45-4F-0E-31","0943654673");
INSERT INTO Chip_Wireless (mac_address_disp,Cedula) VALUES ("0B-DF-55-49-A8-DF","0967622311");
INSERT INTO Chip_Wireless (mac_address_disp,Cedula) VALUES ("90-DB-55-F8-19-11","0934567236");
INSERT INTO Chip_Wireless (mac_address_disp,Cedula) VALUES ("F2-8C-FB-02-40-46","0917772459");
INSERT INTO Chip_Wireless (mac_address_disp,Cedula) VALUES ("52-29-56-BA-45-50","0917572231");
INSERT INTO Chip_Wireless (mac_address_disp,Cedula) VALUES ("9C-19-EF-EF-5A-DB","0945672337");
INSERT INTO Chip_Wireless (mac_address_disp,Cedula) VALUES ("43-9A-5E-38-9C-79","0987672335");
INSERT INTO Chip_Wireless (mac_address_disp,Cedula) VALUES ("9D-54-F6-39-81-10","0945656654");
INSERT INTO Chip_Wireless (mac_address_disp,Cedula) VALUES ("CF-E9-3F-44-01-23","0923432430");
INSERT INTO Chip_Wireless (mac_address_disp,Cedula) VALUES ("47-9E-BC-FA-98-D7","0942343232");
INSERT INTO Chip_Wireless (mac_address_disp,Cedula) VALUES ("FB-C5-1B-9D-A0-54","0978787881");
INSERT INTO Chip_Wireless (mac_address_disp,Cedula) VALUES ("10-08-79-EA-CF-9A","0912373435");
INSERT INTO Chip_Wireless (mac_address_disp,Cedula) VALUES ("53-9B-36-93-2C-C8","0912323232");
INSERT INTO Chip_Wireless (mac_address_disp,Cedula) VALUES ("8F-6A-67-B5-5A-73","0948786788");
INSERT INTO Chip_Wireless (mac_address_disp,Cedula) VALUES ("45-0F-3B-79-37-4C","0942343243");
INSERT INTO Chip_Wireless (mac_address_disp,Cedula) VALUES ("0B-EF-86-1A-6E-88","0976563454");
INSERT INTO Chip_Wireless (mac_address_disp,Cedula) VALUES ("F9-AF-72-AE-BE-C4","0942343432");
INSERT INTO Chip_Wireless (mac_address_disp,Cedula) VALUES ("73-97-C2-7D-E3-E8","0656456546");
INSERT INTO Chip_Wireless (mac_address_disp,Cedula) VALUES ("D1-83-70-6C-CE-02","0945111233");
*/


--REGISTRA
INSERT INTO Registra (id_usuario,mac_addres_bcn) VALUES ("0865672738",'6C-5C-47-EF-96-65');
INSERT INTO Registra (id_usuario,mac_addres_bcn) VALUES ("0943654673",'A7-25-EA-38-76-EC');
INSERT INTO Registra (id_usuario,mac_addres_bcn) VALUES ("0967622311",'60-68-3D-5D-90-5E');
INSERT INTO Registra (id_usuario,mac_addres_bcn) VALUES ("0934567236",'D4-35-18-77-EC-BC');
INSERT INTO Registra (id_usuario,mac_addres_bcn) VALUES ("0917772459",'4E-03-FB-D1-A8-B3');
INSERT INTO Registra (id_usuario,mac_addres_bcn) VALUES ("0917572231",'23-06-26-FC-37-7A');
INSERT INTO Registra (id_usuario,mac_addres_bcn) VALUES ("0945672337",'77-00-72-15-B6-0D');
INSERT INTO Registra (id_usuario,mac_addres_bcn) VALUES ("0987672335",'A1-FA-31-3C-AA-FF');
INSERT INTO Registra (id_usuario,mac_addres_bcn) VALUES ("0945656654",'42-D1-3A-70-21-DE');
INSERT INTO Registra (id_usuario,mac_addres_bcn) VALUES ("0923432430",'98-77-62-DF-E8-98');
INSERT INTO Registra (id_usuario,mac_addres_bcn) VALUES ("0942343232",'3F-4E-6B-F0-3F-0F');
INSERT INTO Registra (id_usuario,mac_addres_bcn) VALUES ("0978787881",'0B-72-39-F2-D9-E0');
INSERT INTO Registra (id_usuario,mac_addres_bcn) VALUES ("0912373435",'D0-94-3D-BB-0B-6E');
INSERT INTO Registra (id_usuario,mac_addres_bcn) VALUES ("0912323232",'E5-3F-96-9B-2D-05');
INSERT INTO Registra (id_usuario,mac_addres_bcn) VALUES ("0948786788",'F2-65-52-46-B7-A6');
INSERT INTO Registra (id_usuario,mac_addres_bcn) VALUES ("0942343243",'50-B4-1A-B7-6C-51');
INSERT INTO Registra (id_usuario,mac_addres_bcn) VALUES ("0976563454",'94-33-E5-4F-92-CE');
INSERT INTO Registra (id_usuario,mac_addres_bcn) VALUES ("0942343432",'D4-30-30-66-ED-B1');
INSERT INTO Registra (id_usuario,mac_addres_bcn) VALUES ("0656456546",'A9-E4-CB-89-64-94');
INSERT INTO Registra (id_usuario,mac_addres_bcn) VALUES ("0945111233",'F2-0C-5B-E8-4A-0C');
*/


--ASISTE
INSERT INTO Asiste(id_usuario_A, codigo_area_A)
VALUES ('0865672738', 'AAA100');
INSERT INTO Asiste(id_usuario_A, codigo_area_A)
VALUES ('0943654673', 'ABB200');
INSERT INTO Asiste(id_usuario_A, codigo_area_A)
VALUES ('0967622311', 'ACC300');
INSERT INTO Asiste(id_usuario_A, codigo_area_A)
VALUES ('0934567236', 'ADD400');
INSERT INTO Asiste(id_usuario_A, codigo_area_A)
VALUES ('0917772459', 'BAB500');
INSERT INTO Asiste(id_usuario_A, codigo_area_A)
VALUES ('0917572231', 'BAC600');
INSERT INTO Asiste(id_usuario_A, codigo_area_A)
VALUES ('0945672337', 'BAD700');
INSERT INTO Asiste(id_usuario_A, codigo_area_A)
VALUES ('0987672335', 'BCC800');
INSERT INTO Asiste(id_usuario_A, codigo_area_A)
VALUES ('0945656654', 'CCA900');
INSERT INTO Asiste(id_usuario_A, codigo_area_A)
VALUES ('0923432430', 'CAD200');
INSERT INTO Asiste(id_usuario_A, codigo_area_A)
VALUES ('0942343232', 'COP300');
INSERT INTO Asiste(id_usuario_A, codigo_area_A)
VALUES ('0978787881', 'CUT400');
INSERT INTO Asiste(id_usuario_A, codigo_area_A)
VALUES ('0912373435', 'CTH200');
INSERT INTO Asiste(id_usuario_A, codigo_area_A)
VALUES ('0912323232', 'DTO300');
INSERT INTO Asiste(id_usuario_A, codigo_area_A)
VALUES ('0948786788', 'DJG500');
INSERT INTO Asiste(id_usuario_A, codigo_area_A)
VALUES ('0942343243', 'DEJ100');
INSERT INTO Asiste(id_usuario_A, codigo_area_A)
VALUES ('0976563454', 'DKD600');
INSERT INTO Asiste(id_usuario_A, codigo_area_A)
VALUES ('0942343432', 'DUE300');
INSERT INTO Asiste(id_usuario_A, codigo_area_A)
VALUES ('0656456546', 'EQI330');
INSERT INTO Asiste(id_usuario_A, codigo_area_A)
VALUES ('0945111233', 'EIT560');
